{
  "hash": "da1640d5",
  "browserHash": "9f7fc3f9",
  "optimized": {
    "react": {
      "src": "../../node_modules/.pnpm/react@18.3.1/node_modules/react/index.js",
      "file": "react.js",
      "fileHash": "3368318a",
      "needsInterop": true
    },
    "react-dom/client": {
      "src": "../../node_modules/.pnpm/react-dom@18.3.1_react@18.3.1/node_modules/react-dom/client.js",
      "file": "react-dom_client.js",
      "fileHash": "20ee9926",
      "needsInterop": true
    },
    "react-router-dom": {
      "src": "../../node_modules/.pnpm/react-router-dom@6.30.1_rea_32183f923d2f77881bbb08a88c6f2afc/node_modules/react-router-dom/dist/index.js",
      "file": "react-router-dom.js",
      "fileHash": "c5123558",
      "needsInterop": false
    },
    "@mui/material": {
      "src": "../../node_modules/.pnpm/@mui+material@5.18.0_@emoti_3465244140471512ba9807197cc1420b/node_modules/@mui/material/index.js",
      "file": "@mui_material.js",
      "fileHash": "b78255ab",
      "needsInterop": false
    },
    "@mui/material/CssBaseline": {
      "src": "../../node_modules/.pnpm/@mui+material@5.18.0_@emoti_3465244140471512ba9807197cc1420b/node_modules/@mui/material/CssBaseline/index.js",
      "file": "@mui_material_CssBaseline.js",
      "fileHash": "fa86e4bc",
      "needsInterop": false
    }
  },
  "chunks": {
    "chunk-7ZDDIECQ": {
      "file": "chunk-7ZDDIECQ.js"
    },
    "chunk-U36G452D": {
      "file": "chunk-U36G452D.js"
    },
    "chunk-JQUE4NRA": {
      "file": "chunk-JQUE4NRA.js"
    }
  }
}